chinese,pinyin,meaning,translation,explanation,example,example_translation
画龙点睛,huà lóng diǎn jīng,比喻在作品或事物的关键地方加上点睛之笔，使其更加完美。,To dot the eyes on a painted dragon: to add the finishing touch that brings a work to life.,"From the tale of the painter Zhang Sengyou, whose painted dragons flew off the wall the moment he dotted in their eyes. Used for the small, crucial detail that brings a piece of writing, a speech or a design to life.",这篇文章最后一句真是画龙点睛，让整篇文章都生动起来了。,The last line of this essay is the perfect finishing touch; it brings the whole piece to life.
塞翁失马,sài wēng shī mǎ,比喻暂时受到损失，却可能因此得到好处，坏事可以变成好事。,The old man at the frontier lost his horse: a setback may turn out to be a blessing in disguise.,"An old man on the frontier lost his horse, which later came back leading a fine steed. Often completed as 塞翁失马，焉知非福 (""who knows if it isn't a blessing?"") and used to console someone after a setback.",这次没被录取也别太难过，塞翁失马，焉知非福。,Don't be too upset about not getting in this time; it may turn out to be a blessing in disguise.
夜郎自大,yè láng zì dà,比喻人见识狭窄，却妄自尊大。,"Like the king of Yelang: to be arrogant out of ignorance, overrating oneself from a narrow view.",Yelang was a tiny ancient kingdom whose king asked a Han envoy whether the Han empire was bigger than his own. Used to mock someone whose arrogance comes from not knowing how big the world is.,他只在小城里赢过几次比赛，就夜郎自大，觉得没人比得上他。,"He's only won a few contests in his small town, yet he thinks no one can match him."
一毛不拔,yī máo bù bá,形容非常吝啬，连一根毛都不肯拔。,Won't pluck out a single hair: extremely stingy.,"From Mencius's criticism of the philosopher Yang Zhu, who would not give up a single hair even to benefit the whole world. Today it simply describes a miser.",他虽然很有钱，却一毛不拔，从来不请朋友吃饭。,He's rich but a total miser; he never treats his friends to a meal.
求仁得仁,qiú rén dé rén,追求仁德便得到了仁德，比喻如愿以偿，无怨无悔。,"To seek virtue and attain it: to get exactly what one sought, and so have no regrets.","Confucius said this of the brothers Boyi and Shuqi, who chose to starve rather than serve a ruler they considered unjust. Used when someone ends up with exactly the outcome they chose, and so has nothing to complain about.",他选择了清贫但自由的生活，求仁得仁，从不后悔。,He chose a life that was modest but free; he got what he sought and has never regretted it.
铁杵成针,tiě chǔ chéng zhēn,把铁棒磨成针，比喻只要有毅力，再难的事也能做成。,"Grinding an iron rod into a needle: with perseverance, anything can be achieved.","Legend says the young poet Li Bai, about to quit his studies, met an old woman grinding an iron rod down into a needle. Used to encourage persistence with a long, hard task.",只要有铁杵成针的毅力，你一定能学好中文。,"With the perseverance to grind iron into a needle, you will master Chinese."
纸上谈兵,zhǐ shàng tán bīng,在纸面上谈论用兵，比喻空谈理论，不能解决实际问题。,Waging war on paper: theorizing without any practical experience.,"Zhao Kuo of the state of Zhao knew every military text by heart, yet led his army to catastrophic defeat at Changping. Used to dismiss plans or advice that sound clever but lack real-world experience.",没做过生意的人给你讲创业，不过是纸上谈兵。,Startup advice from someone who's never run a business is just armchair theory.
入乡随俗,rù xiāng suí sú,到了别的地方，要遵照当地的风俗习惯。,"Entering a village, follow its customs: when in Rome, do as the Romans do.","Used to advise adapting to local customs when travelling or moving somewhere new; the Chinese equivalent of ""When in Rome"".",在日本吃面可以出声，入乡随俗嘛。,"In Japan it's fine to slurp your noodles. When in Rome, after all."
掩耳盗铃,yǎn ěr dào líng,捂住自己的耳朵去偷铃铛，比喻自己欺骗自己。,Covering one's ears to steal a bell: to deceive no one but oneself.,"A thief trying to steal a bell covered his own ears so he wouldn't hear it ring, as if that would stop others hearing it too. Used for self-deception, such as ignoring an obvious problem and hoping it goes away.",不看体检报告就说自己很健康，这不是掩耳盗铃吗？,Claiming you're healthy without reading your medical report: isn't that just fooling yourself?
一举两得,yī jǔ liǎng dé,一次举动达到两个目的。,"One action, two gains: to kill two birds with one stone.",Used whenever a single action brings two benefits at once.,骑车上班既锻炼了身体，又省了钱，真是一举两得。,Cycling to work gets me exercise and saves money: two birds with one stone.
杯弓蛇影,bēi gōng shé yǐng,把映在杯中的弓影当成蛇，比喻疑神疑鬼，自相惊扰。,Mistaking a bow's reflection in a cup for a snake: to be alarmed by imaginary fears.,A Han dynasty guest fell ill believing he had swallowed a snake in his wine; it was only the reflection of a bow hanging on the wall. Used for needless suspicion or panic.,别杯弓蛇影了，他没回消息不代表他生你的气。,Don't read too much into it; him not replying doesn't mean he's angry with you.
画蛇添足,huà shé tiān zú,比喻做了多余的事，反而弄巧成拙。,Drawing legs on a snake: to ruin something by adding what isn't needed.,"In a snake-drawing contest, the fastest finisher added legs to his snake and lost, because snakes have no legs. Used when extra effort spoils something that was already fine.",这张设计已经很好了，再加装饰就是画蛇添足。,This design is already great; adding more decoration would only spoil it.
自相矛盾,zì xiāng máo dùn,比喻说话或做事前后抵触。,One's own spear against one's own shield: to contradict oneself.,"A merchant boasted that his spears could pierce anything and his shields could stop anything, until someone asked what would happen if one met the other. Used for claims or behaviour that contradict themselves.",你一会儿说没钱，一会儿又要买新手机，真是自相矛盾。,"One minute you say you're broke, the next you want a new phone. You're contradicting yourself."
刻舟求剑,kè zhōu qiú jiàn,比喻拘泥固执，不懂得根据情况的变化而改变做法。,Marking the boat to find a sword dropped overboard: clinging to old methods while circumstances change.,"A man dropped his sword from a moving boat, marked the spot on the boat's side, and planned to dive there once it docked. Used for rigid thinking that ignores how circumstances have changed.",市场早就变了，还用十年前的方法做营销，无异于刻舟求剑。,The market has moved on; marketing the way we did ten years ago is like marking the boat to find the sword.
对牛弹琴,duì niú tán qín,比喻对不懂道理的人讲道理，白费工夫。,Playing the lute to a cow: speaking to an audience that can't appreciate it.,"The musician Gongming Yi played exquisite music to an ox, which simply went on grazing. Used, often teasingly, when talking to someone who can't or won't understand.",跟他讲艺术简直是对牛弹琴。,Talking to him about art is like playing music to a cow.
守株待兔,shǒu zhū dài tù,比喻死守狭隘经验，不知变通，或妄想不劳而获。,Waiting by a stump for another rabbit to run into it: hoping for gains without effort.,"A farmer saw a rabbit break its neck against a tree stump, then gave up farming to wait for another. Used for passively waiting for luck instead of working for results.",找工作要主动出击，不能守株待兔。,You have to go out and look for jobs; you can't just wait for one to fall into your lap.
虎头蛇尾,hǔ tóu shé wěi,比喻开始时声势很大，后来劲头很小，有始无终。,A tiger's head and a snake's tail: a strong start with a feeble finish.,"Used for projects, stories or efforts that begin with great energy and then fizzle out.",他做事总是虎头蛇尾，健身卡办了一年，只去了三次。,He never follows through. He bought a year's gym membership and went three times.
杞人忧天,qǐ rén yōu tiān,比喻不必要或毫无根据的忧虑。,The man of Qi who feared the sky would fall: to worry about imaginary troubles.,A man from the state of Qi was so afraid the sky would collapse that he could neither eat nor sleep. Used to tell someone they're worrying about something that won't happen.,坐飞机很安全，你别杞人忧天了。,Flying is very safe; stop worrying about nothing.
坐井观天,zuò jǐng guān tiān,比喻眼界狭小，见识有限。,"Viewing the sky from the bottom of a well: a narrow, limited outlook.",A frog at the bottom of a well believed the sky was only as big as the well's mouth. Used for someone whose limited experience gives them a narrow view of the world.,多出去看看世界，别坐井观天。,Get out and see the world; don't be a frog in a well.
两全其美,liǎng quán qí měi,做一件事顾全了两个方面，使两方面都得到好处。,Perfect on both counts: the best of both worlds.,"Used for a solution that satisfies two competing needs, or two parties, at the same time.",在家办公既能照顾孩子又不耽误工作，真是两全其美。,Working from home lets me look after the kids without falling behind at work: the best of both worlds.
打草惊蛇,dǎ cǎo jīng shé,比喻做事不谨慎，惊动了对方，使其有所防备。,Beating the grass startles the snake: acting carelessly and tipping off the other side.,"A Tang official reading complaints against his corrupt subordinates wrote that though they had beaten the grass, he, the snake, was already startled. Now used to warn against revealing your intentions too early.",在证据收集完之前，先别打草惊蛇。,Don't tip them off until we've gathered all the evidence.
东施效颦,dōng shī xiào pín,比喻盲目模仿别人，结果适得其反。,Dong Shi imitating Xi Shi's frown: blind imitation that backfires.,"The famous beauty Xi Shi frowned when her chest ached, and her plain neighbour Dong Shi copied the frown, only looking worse. Used for clumsy imitation that doesn't suit the imitator.",别人的成功经验不一定适合你，盲目照搬只会东施效颦。,What worked for others may not suit you; copying them blindly will only backfire.
言简意赅,yán jiǎn yì gāi,说话或写文章简洁明了，意思完备。,"Few words, full meaning: concise and to the point.",A compliment for writing or speech that is brief yet says everything that needs saying.,他的报告言简意赅，五分钟就讲清楚了重点。,His presentation was concise; he covered the key points in five minutes.
悬崖勒马,xuán yá lè mǎ,在悬崖边上勒住马，比喻到了危险的边缘及时醒悟回头。,Reining in the horse at the cliff's edge: pulling back just before disaster.,"Used for stopping a dangerous or wrong course of action just in time, often as advice to someone heading for trouble.",他在输光家产之前悬崖勒马，戒掉了赌博。,"He quit gambling just before losing everything, pulling back from the brink."
乐极生悲,lè jí shēng bēi,快乐到了极点，往往会转而发生悲伤的事。,Extreme joy gives rise to sorrow.,A caution that too much revelry can end in misfortune; often said ruefully after a celebration goes wrong.,他生日那天喝多了，结果摔伤了腿，真是乐极生悲。,He drank too much on his birthday and hurt his leg in a fall: joy turned to sorrow.
多此一举,duō cǐ yī jǔ,做不必要的、多余的事。,One step too many: doing something entirely unnecessary.,"Used for an action that is pointless or redundant, often with mild exasperation.",天气预报说今天晴天，带伞就是多此一举。,"The forecast says sunny, so bringing an umbrella is pointless."
抛砖引玉,pāo zhuān yǐn yù,比喻用自己粗浅的意见引出别人更高明的见解。,Casting a brick to attract jade: offering one's modest ideas to draw out better ones.,"A modest phrase people use about their own contribution, for example when speaking first in a meeting to get discussion going.",我先说几点看法，抛砖引玉，希望大家多提意见。,Let me start with a few thoughts to get the ball rolling; I hope everyone will chime in.
百年树人,bǎi nián shù rén,培养人才是长久之计，需要长期的努力。,A hundred years to cultivate people: education is a long-term undertaking.,From the saying 十年树木，百年树人: it takes ten years to grow a tree but a hundred to raise people. Used to stress that education only pays off over the long run.,教育是百年树人的事业，不能急功近利。,Education is a long-term undertaking; you can't expect quick returns.
事半功倍,shì bàn gōng bèi,只用一半的力气，却收到加倍的成效。,"Half the effort, twice the result.","Used for working smart: the right method makes effort go much further. Its opposite is 事倍功半, double the effort for half the result.",掌握了正确的学习方法，就能事半功倍。,"With the right study method, you'll get twice the results for half the effort."
束手无策,shù shǒu wú cè,像手被捆住一样，一点办法也没有。,"Hands tied, with no plan: completely at a loss for what to do.",Used when someone is completely helpless in the face of a problem.,电脑突然坏了，我束手无策，只好找人帮忙。,"My computer suddenly died and I had no idea what to do, so I had to ask for help."
亡羊补牢,wáng yáng bǔ láo,丢了羊再修补羊圈，比喻出了问题以后及时补救，还不算晚。,Mending the pen after losing a sheep: it's never too late to fix a problem.,"From a Warring States parable: after losing a sheep, it is still not too late to mend the pen. Used to encourage fixing a mistake rather than giving up.",这次考试没考好，亡羊补牢，下次还来得及。,"This exam didn't go well, but if you fix things now, it's not too late for the next one."
安居乐业,ān jū lè yè,安定地生活，愉快地工作。,To live in peace and work in contentment.,"Describes a stable, prosperous society where people live and work in peace; common in speeches and the news.",社会安定，百姓才能安居乐业。,Only when society is stable can people live and work in peace.
碧血丹心,bì xuè dān xīn,形容对国家或事业赤胆忠心。,Jade-green blood and a crimson heart: unwavering loyalty and devotion.,Legend says the blood of the loyal minister Chang Hong turned to green jade three years after his unjust execution. Used to praise patriots or people utterly devoted to a cause.,这位英雄碧血丹心，为国家献出了生命。,"This hero, loyal to the core, gave his life for his country."
画饼充饥,huà bǐng chōng jī,画个饼来解饿，比喻用空想来安慰自己。,Drawing a cake to ease hunger: consoling oneself with illusions.,Used for empty promises or fantasies that can't satisfy real needs.,老板总说以后给我们加薪，这不过是画饼充饥。,The boss keeps promising us a raise someday; it's just pie in the sky.
白驹过隙,bái jū guò xì,像白色的骏马在缝隙前飞快地越过，形容时间过得极快。,A white colt glimpsed through a crack: time flies by.,"From Zhuangzi, who compared a human life to a white horse glimpsed racing past a crack in a wall. Used when reflecting on how quickly time passes.",人生如白驹过隙，要珍惜眼前的时光。,Life passes in the blink of an eye; cherish the time you have.
海底捞针,hǎi dǐ lāo zhēn,比喻极难找到或办到的事。,Fishing for a needle on the seabed: looking for a needle in a haystack.,Used for a search that is almost hopeless. Also written 大海捞针.,在这么大的城市里找一个没有地址的人，简直是海底捞针。,Finding someone with no address in a city this big is like looking for a needle in a haystack.
骑虎难下,qí hǔ nán xià,比喻事情进行下去有困难，但情况又不允许中途停止。,Hard to get off a tiger's back: stuck in something one can't back out of.,"Once you're riding a tiger, getting off is more dangerous than staying on. Used when you're committed to something and can't easily back out.",项目已经投了这么多钱，现在骑虎难下，只能继续做下去。,We've sunk so much money into the project that we can't back out now; we have to keep going.
狐假虎威,hú jiǎ hǔ wēi,狐狸借老虎的威势吓唬别的野兽，比喻倚仗别人的势力欺压人。,The fox borrows the tiger's might: bullying others on the strength of someone else's power.,"A fox walked ahead of a tiger, and the other animals fled, from the tiger rather than the fox. Used for people who throw their weight around using someone else's authority.",他仗着自己是经理的亲戚，在公司里狐假虎威。,"Because he's related to the manager, he throws his weight around the office."
画地为牢,huà dì wéi láo,在地上画个圈当作牢房，比喻只许在限定的范围内活动。,Drawing a circle on the ground as a prison: confining oneself within self-imposed limits.,"Used for people who box themselves in with unnecessary rules, fears or assumptions.",别画地为牢，你的能力远不止这些。,Don't box yourself in; you're capable of much more than this.
虚虚实实,xū xū shí shí,虚假和真实交错，使人难以捉摸。,Feint and substance intertwined: mixing truth and deception so no one can tell which is which.,"Rooted in Sunzi's Art of War, which teaches mixing real and feigned moves so the enemy can't read you. Used for strategy in games, business or negotiation.",谈判时他虚虚实实，让对手摸不清他的底线。,"In negotiations he mixes bluffs with real offers, so his opponent can't work out his bottom line."
有的放矢,yǒu dì fàng shǐ,对准靶子射箭，比喻说话做事有明确的目标和针对性。,Shooting with a target in sight: speaking or acting with a clear purpose.,的 (read dì here) is a target and 矢 is an arrow. Used to praise speech or action that is well aimed rather than scattershot.,复习要有的放矢，重点攻克薄弱环节。,"Revise with purpose, and focus on your weak spots."
守口如瓶,shǒu kǒu rú píng,闭口不说，像瓶口塞紧了一样，形容说话谨慎，严守秘密。,Mouth sealed like a jar: to keep a secret closely.,Used for someone who can be trusted with a secret.,放心吧，这件事我会守口如瓶。,"Don't worry, my lips are sealed."
含沙射影,hán shā shè yǐng,比喻暗中诽谤、中伤别人。,Spitting sand at a shadow: attacking someone by innuendo.,"Legend tells of a river creature, the yu, that spat sand at people's shadows to make them sick. Used for veiled attacks: criticising someone without naming them.",他在会上含沙射影地批评我，大家都听出来了。,"He took veiled shots at me in the meeting, and everyone could tell."
奉公守法,fèng gōng shǒu fǎ,奉行公事，遵守法令。,Devoted to public duty and abiding by the law.,A formal phrase praising law-abiding citizens and honest officials.,他一辈子奉公守法，从来没做过亏心事。,He's been law-abiding his whole life and has never done anything to be ashamed of.
扬眉吐气,yáng méi tǔ qì,形容摆脱了长期压抑后，心情舒畅、神气昂扬。,Raising one's brows and breathing freely: feeling proud and elated after long frustration.,Used for the moment someone finally gets vindication or success after being held down or looked down on.,球队终于拿了冠军，球迷们扬眉吐气。,"The team finally won the championship, and the fans could at last hold their heads high."
青梅竹马,qīng méi zhú mǎ,形容男女儿童天真无邪地在一起玩耍，也指从小一起长大的恋人。,Green plums and bamboo horses: childhood sweethearts.,From a Li Bai poem about a boy riding a bamboo stick as a horse and a girl playing with green plums. Used for couples who grew up together.,他们俩青梅竹马，从小一起长大，后来结了婚。,They're childhood sweethearts; they grew up together and later got married.
轻松自如,qīng sōng zì rú,形容轻松自在，毫不费力。,Relaxed and at ease; effortless.,Used for doing something with ease and composure.,她在台上演讲轻松自如，一点也不紧张。,"She spoke on stage with complete ease, not the least bit nervous."
老马识途,lǎo mǎ shí tú,比喻有经验的人熟悉情况，能起引导作用。,An old horse knows the way: experience is a reliable guide.,"When Guan Zhong's army got lost in the mountains, he let old horses lead the way back to the road. Used to credit experience, often that of a senior colleague.",这事交给老王吧，老马识途，他最有经验。,Leave it to Old Wang. He knows the ropes better than anyone.
七上八下,qī shàng bā xià,形容心里慌乱不安，拿不定主意。,"Seven up, eight down: on tenterhooks, restless with anxiety.","Short for 十五个吊桶打水，七上八下: fifteen buckets in a well, seven going up and eight going down. Used for a fluttering, nervous heart.",等面试结果的时候，我心里七上八下的。,"Waiting for the interview results, I was a bundle of nerves."
万无一失,wàn wú yī shī,指非常有把握，绝对不会出差错。,Not one slip in ten thousand: absolutely foolproof.,Used for plans or preparations that leave nothing to chance.,出发前再检查一遍，确保万无一失。,"Check everything once more before we leave, just to be absolutely sure."
心惊肉跳,xīn jīng ròu tiào,形容担心灾祸临头，非常害怕不安。,Heart pounding and flesh twitching: filled with dread.,Used for intense fear or a sense that something terrible is about to happen.,看到孩子站在窗台上，我吓得心惊肉跳。,"Seeing the child standing on the windowsill, my heart leapt into my throat."
得过且过,dé guò qiě guò,过一天算一天，不考虑将来。,Getting by as best one can: muddling along with no thought for the future.,"Used, usually critically, for someone drifting through life or work without ambition or plans.",工作要有目标，不能得过且过。,You need goals at work; you can't just coast along.
殊途同归,shū tú tóng guī,从不同的途径到达同一个目的地，比喻采取不同的方法得到相同的结果。,"Different roads, same destination: all roads lead to Rome.",From the Book of Changes. Used to say that different approaches can lead to the same result.,虽然我们的方法不同，但殊途同归，结果都一样。,"Our methods differ, but they lead to the same place."
人山人海,rén shān rén hǎi,形容聚集的人非常多。,Mountains and seas of people: huge crowds.,"Used for very crowded places, such as festivals, tourist sites or public holidays.",国庆节的长城上人山人海。,The Great Wall is packed with people during the National Day holiday.
四海为家,sì hǎi wéi jiā,到处都可以当作自己的家，指处处为家，四处漂泊。,Making the four seas one's home: at home anywhere; a wandering life.,"Originally described an emperor whose home was the whole realm. Now used for travellers, or people who feel at home wherever they go.",他是自由职业者，四海为家，走到哪里就在哪里工作。,He's a freelancer who's at home anywhere; he works wherever he happens to be.
同舟共济,tóng zhōu gòng jì,坐一条船共同渡河，比喻团结互助，同心协力战胜困难。,Crossing the river in the same boat: pulling together in hard times.,Sunzi observed that even sworn enemies in the same boat will help each other in a storm. Used to call for cooperation in a crisis.,公司遇到困难时，大家要同舟共济。,"When the company hits hard times, we all need to pull together."
入木三分,rù mù sān fēn,形容书法笔力强劲，也比喻分析问题深刻透彻。,Ink soaking three fen into the wood: (of writing or insight) forceful and penetrating.,"Legend says the calligrapher Wang Xizhi's ink soaked three fen deep into the wooden board he wrote on. Now used to praise sharp, penetrating writing or analysis.",这篇评论入木三分，揭示了问题的本质。,This commentary is incisive; it gets right to the heart of the problem.
一毫不差,yī háo bù chà,一丝一毫都不差，形容非常准确。,Not off by a hair: exactly right.,"Used for something exactly right, down to the smallest detail.",他把账算得一毫不差。,He balanced the accounts down to the last cent.
不可思议,bù kě sī yì,不可想象，难以理解。,Inconceivable; beyond imagination.,Originally a Buddhist term for truths beyond thought and words. Now used for anything amazing or hard to believe.,这么小的孩子能弹这么难的曲子，真是不可思议。,It's incredible that such a young child can play such a difficult piece.
顺手牵羊,shùn shǒu qiān yáng,比喻趁机顺便拿走别人的东西。,Leading away a sheep in passing: pocketing something when the chance arises.,"One of the Thirty-Six Stratagems. Used for taking something in passing, usually petty theft, sometimes jokingly.",他退房时顺手牵羊，拿走了酒店的两条毛巾。,"When he checked out, he helped himself to two of the hotel's towels."
水落石出,shuǐ luò shí chū,水落下去，石头就露出来，比喻事情真相大白。,"When the water falls, the rocks appear: the truth comes to light.",From Su Shi's prose poem describing a river in winter. Used when the truth of a matter is finally revealed.,经过调查，事情终于水落石出。,"After the investigation, the truth finally came out."
入情入理,rù qíng rù lǐ,合乎人情和事理。,In keeping with both feeling and reason: fair and sensible.,Used to praise an argument or decision that is both reasonable and considerate of people's feelings.,他的解释入情入理，大家都接受了。,"His explanation was fair and reasonable, and everyone accepted it."
恍然大悟,huǎng rán dà wù,形容一下子明白过来。,To suddenly see the light.,"Used for the ""aha"" moment when something suddenly makes sense.",听了老师的解释，我恍然大悟。,"After the teacher explained it, it suddenly clicked."
刮骨疗伤,guā gǔ liáo shāng,刮去骨头上的毒来治疗伤口，比喻彻底根除问题，也形容意志坚强。,Scraping the bone to heal a wound: a painful but thorough cure that gets at the root.,"In Romance of the Three Kingdoms, the general Guan Yu calmly played weiqi while a doctor scraped poison from his arm bone. Used for drastic, painful reform, or to praise great fortitude.",公司要想生存，必须刮骨疗伤，进行彻底改革。,"To survive, the company must accept painful surgery and reform from the root."
石破天惊,shí pò tiān jīng,形容事情或文章议论新奇惊人。,"Stone shattering and heaven quaking: astonishing, earth-shaking.",From a Li He poem about music so astonishing it split stone and shook the heavens. Used for startling news or groundbreaking ideas.,这项发现石破天惊，改变了整个领域。,This discovery was earth-shattering; it transformed the entire field.
七手八脚,qī shǒu bā jiǎo,形容人多手杂，一齐动手，忙乱的样子。,"Seven hands and eight feet: many people pitching in at once, in a bustle.","Used for a crowd of people all helping at once, somewhat chaotically.",大家七手八脚地把受伤的人抬上了车。,Everyone pitched in at once and lifted the injured man into the car.
受宠若惊,shòu chǒng ruò jīng,受到意外的宠爱或待遇而感到惊喜不安。,Startled by favor: overwhelmed by unexpected kindness or attention.,"Used when someone is surprised and flattered by unexpected attention, often as a modest reply.",总经理亲自给我打电话，我真是受宠若惊。,The CEO called me personally; I was so flattered I didn't know what to say.
不知所措,bù zhī suǒ cuò,不知道怎么办才好。,Not knowing what to do: at a complete loss.,Used for being flustered or not knowing how to react.,突然被点名回答问题，他一下子不知所措。,"Suddenly called on to answer, he was completely at a loss."
假以时日,jiǎ yǐ shí rì,给予一定的时间，就能有所成就。,"Given enough time: with time, it will be achieved.",Used to express confidence that someone will succeed if given enough time.,这个年轻人很有天赋，假以时日，必成大器。,"This young man is very talented; given time, he'll achieve great things."
面目全非,miàn mù quán fēi,样子完全不同了，形容变化极大（多含贬义）。,Its face entirely changed: altered beyond recognition.,"Used, usually negatively, for something changed or damaged beyond recognition.",十年没回老家，那里已经面目全非了。,"I hadn't been back to my hometown in ten years, and it had changed beyond recognition."
人云亦云,rén yún yì yún,别人怎么说，自己也跟着怎么说，形容没有主见。,Saying what others say: parroting others without a view of one's own.,Used to criticise people who repeat what they hear without thinking for themselves.,对网上的消息要有自己的判断，不要人云亦云。,Use your own judgment about what you read online; don't just repeat what everyone else says.
四面楚歌,sì miàn chǔ gē,比喻四面受敌，陷入孤立无援的困境。,"Songs of Chu on all sides: surrounded by enemies, utterly isolated.","Surrounded at Gaixia, the warlord Xiang Yu heard songs of his own homeland, Chu, coming from the enemy camp and despaired. Used for being isolated and under attack from all sides.",丑闻曝光后，这家公司陷入了四面楚歌的境地。,"After the scandal broke, the company found itself besieged on every side."
投桃报李,tóu táo bào lǐ,他送我桃子，我回赠他李子，比喻友好往来，互相赠答。,"Given a peach, return a plum: to repay kindness in kind.","From the Book of Songs: ""she gave me a peach, I gave her a plum."" Used for exchanging kindnesses and returning a favour.",你帮了我这么多，我当然要投桃报李。,"You've helped me so much, so of course I'll return the favour."
五体投地,wǔ tǐ tóu dì,两手、两膝和头一起着地，比喻对人极其钦佩。,Prostrate with all five limbs on the ground: to admire someone utterly.,"The Buddhist full prostration, with both hands, both knees and the forehead touching the ground. Used, often playfully, to express deep admiration.",他的厨艺让我佩服得五体投地。,His cooking has me bowing down in admiration.
刮目相看,guā mù xiāng kàn,用新的眼光看待别人，指别人已有显著进步。,Rubbing one's eyes to look again: seeing someone in a new light after their progress.,"After years of study, the general Lü Meng told a doubter that a scholar gone three days should be looked at with fresh eyes. Used when someone has clearly improved.",三个月不见，你的中文进步这么大，真让人刮目相看。,Three months and your Chinese has improved so much. I'm seeing you in a whole new light.
一日千里,yī rì qiān lǐ,一天能跑一千里，形容进展极快。,A thousand li in a day: remarkably rapid progress.,"Originally praise for a fine horse. Now used for rapid development, as in technology or a country's growth.",人工智能技术发展一日千里。,AI technology is advancing by leaps and bounds.
身体力行,shēn tǐ lì xíng,亲身体验，努力实行。,To practice what one preaches.,Used to praise someone who leads by example.,他提倡环保，自己也身体力行，每天骑车上班。,"He champions the environment and practises what he preaches, cycling to work every day."
不遗余力,bù yí yú lì,把全部力量都使出来，毫无保留。,Holding nothing in reserve: sparing no effort.,Used for giving something your absolute all.,他不遗余力地帮助新同事适应工作。,He spared no effort helping new colleagues settle in.
如鱼得水,rú yú dé shuǐ,像鱼得到水一样，比喻遇到了很合适的人或环境。,Like a fish in water: completely in one's element.,The ruler Liu Bei said that gaining the strategist Zhuge Liang was like a fish finding water. Used for someone thriving in a setting that suits them perfectly.,她性格外向，做销售工作如鱼得水。,"She's outgoing, so she's in her element in sales."
金玉满堂,jīn yù mǎn táng,金玉财宝满堂，形容财富极多，也比喻学识丰富。,"A hall full of gold and jade: great wealth, or a wealth of learning.","The Daodejing warns that no one can guard a hall full of gold and jade, but today the phrase is a blessing for prosperity, common at Lunar New Year, and sometimes praise for someone's learning.",祝您新年快乐，金玉满堂！,"Happy New Year, and may your home be filled with riches!"
先发制人,xiān fā zhì rén,先动手来制服对方，以取得主动。,Strike first to gain the upper hand.,"Used in military, business or sports contexts for seizing the initiative before an opponent does.",竞争对手还没行动，我们要先发制人。,"Our competitors haven't moved yet, so we should strike first."
独善其身,dú shàn qí shēn,原指不得志时修养自身品德，现多指只顾自己，不管别人。,"Perfecting oneself alone: keeping one's own virtue intact; now often, minding only oneself.","Mencius taught that when out of office, a gentleman should cultivate his own virtue. Today it is often used critically, for staying uninvolved while others struggle.",面对全球性问题，没有哪个国家能独善其身。,"When it comes to global problems, no country can keep itself out of it."
风雨同舟,fēng yǔ tóng zhōu,在狂风暴雨中同乘一条船，比喻共同经历患难。,In the same boat through wind and rain: standing together through hardship.,"Close to 同舟共济, and used for partners, couples or teams who stick together through hard times.",我们风雨同舟二十年，感情一直很好。,"We've weathered twenty years of storms together, and we're still close."
放眼世界,fàng yǎn shì jiè,把眼光放到全世界，形容眼界开阔。,Casting one's gaze upon the world: taking a global view.,"A modern phrase encouraging a broad, global outlook, common in education and business.",年轻人要放眼世界，不能只看眼前。,"Young people should look to the wider world, not just what's in front of them."
如履薄冰,rú lǚ bó bīng,像走在薄冰上一样，比喻行事极为小心谨慎。,As if walking on thin ice: acting with extreme caution.,"From the Book of Songs, paired with 如临深渊 (""as if at the edge of an abyss""). Used for acting with great care in a delicate situation.",刚上任的时候，他每一步都如履薄冰。,"When he first took the job, he treaded carefully with every step."
垂头丧气,chuí tóu sàng qì,形容因失败或不顺利而情绪低落。,"Head hung low, spirit lost: dejected and crestfallen.",Used for someone visibly dejected after failure or bad news.,比赛输了，队员们垂头丧气地走出球场。,"After losing the match, the players trudged off the pitch, heads hanging."
大惊小怪,dà jīng xiǎo guài,形容对不足为奇的事情过分惊讶。,Great alarm over small oddities: making a fuss over nothing.,Used to tell someone they're overreacting.,下点雨而已，别大惊小怪的。,It's just a bit of rain; don't make such a fuss.
力不从心,lì bù cóng xīn,心里想做，但能力或力量不够。,Strength falls short of the heart's wish: the spirit is willing but the flesh is weak.,"Used when the will is there but ability, energy or age gets in the way.",爷爷年纪大了，想去爬山却力不从心。,"Grandpa wants to go hiking, but at his age his body won't let him."
视同路人,shì tóng lù rén,看作路上遇到的陌生人，形容关系疏远冷淡。,Treating someone as a passerby: acting like strangers toward someone close.,"Used for relationships that have gone cold, such as family members or old friends who now ignore each other.",吵架以后，兄弟俩视同路人。,"Since their quarrel, the two brothers treat each other like strangers."
恩将仇报,ēn jiāng chóu bào,用仇恨来回报别人的恩惠。,Repaying kindness with enmity: biting the hand that feeds you.,Used to condemn gross ingratitude: harming someone who once helped you.,我帮了他那么多，他却恩将仇报，在背后说我坏话。,"After all I did for him, he repaid me by badmouthing me behind my back."
